record_id,record,surface_type,route_or_source,current_role,quality_assessment,source_provenance,primary_action,secondary_flags,rationale
1,IVF hub,IVF hub surface,/ivf,Domain entry point,Calm and well structured; orientation only,Not applicable,KEEP,,Hub works as orientation; depth belongs on articles and stage pages
2,IVF before transfer stage page,IVF stage page,/ivf/before-transfer,Stage owner for preparation through transfer,Strong framing; most depth is companion prompts rather than readable guidance,Not applicable,EXPAND_EXISTING,REQUIRES_HUMAN_HEALTH_REVIEW,Treatment-stage domains D E F G H I N all point here or to the timeline article
3,IVF after transfer stage page,IVF stage page,/ivf/after-transfer,Stage owner for the two-week wait,Strong emotional framing; testing and symptom nuance thin,Not applicable,EXPAND_EXISTING,REQUIRES_HUMAN_HEALTH_REVIEW|REQUIRES_SAFETY_REVIEW,Owns the highest-anxiety window; gap rows 13 and 14 land here
4,IVF early pregnancy stage page,IVF stage page,/ivf/early-pregnancy,Handover into the pregnancy journey,Fit for purpose,Not applicable,KEEP,,Domain W is covered and the handover to /pregnancy is clean
5,IVF timeline tool,IVF tool and result,/ivf-timeline,Interactive cycle timeline,Useful and distinct from the article,Not applicable,KEEP,POTENTIAL_CANONICAL_OVERLAP,Canonical primary for timeline intent per articleInventory; assumes a fresh cycle only
6,IVF timeline what to expect,Unique IVF article,/articles/ivf-timeline-what-to-expect,Cornerstone cycle explainer,Good structure; several stages covered in a single paragraph,NO — plain source labels without URLs,EXPAND_EXISTING,REQUIRES_SOURCE_REMEDIATION|REQUIRES_HUMAN_HEALTH_REVIEW|POTENTIAL_CANONICAL_OVERLAP,Absorbs gap rows 3 to 7; grounding registry records blocked_missing_metadata
7,The emotional impact of IVF,Unique IVF article,/articles/emotional-impact-of-ivf,Emotional spine of the domain,Strong and well pitched,NO — plain source labels without URLs,KEEP,REQUIRES_SOURCE_REMEDIATION|REQUIRES_SAFETY_REVIEW,Content stands; only provenance and safety wording need attention
8,TTC IVF and treatment page,TTC crossover hub page,/trying-to-conceive/ivf-and-treatment,Bridge from TTC into IVF,Clear bridge with correct destinations,Not applicable,KEEP,POTENTIAL_CANONICAL_OVERLAP,Overlaps /ivf in purpose but serves a different journey entry point
9,Moving from TTC to IVF,Crossover article,/articles/moving-from-ttc-to-ivf,Decision-point article into treatment,Strong; the true IVF entry read,YES — structured NHS NICE and HFEA references with URLs,KEEP,,Should be surfaced on the IVF hub but needs no content change
10,The two week wait,Crossover article,/articles/two-week-wait,General TTC wait owner,Strong,Plain source labels,KEEP,POTENTIAL_CANONICAL_OVERLAP,Distinct from the IVF after-transfer framing; both owners are legitimate
11,What happens at a fertility appointment,Crossover article,/articles/what-happens-at-a-fertility-appointment,Referral-stage owner,Strong,Plain source labels,KEEP,,Covers domain B
12,When to ask for fertility help,Crossover article,/articles/when-to-ask-for-fertility-help,Pre-referral trigger,Strong,Plain source labels,KEEP,,Covers domain B
13,Unexplained fertility concerns,Crossover article,/articles/unexplained-fertility-concerns,Diagnosis-stage support,Strong,Plain source labels,KEEP,,Feeds the decision to start treatment
14,Fertility tests for women,Crossover article,/articles/fertility-tests-for-women,Assessment-stage owner,Strong,Plain source labels,INTERNAL_LINK_ONLY,,Relevant to IVF readers but needs no IVF-specific change beyond linking
15,Fertility tests for men,Crossover article,/articles/fertility-tests-for-men,Assessment-stage owner,Strong,Plain source labels,INTERNAL_LINK_ONLY,,As above
16,Male fertility when trying to conceive,Crossover article,/articles/male-fertility-when-trying-to-conceive,Pre-treatment male factor,Strong,Plain source labels,INTERNAL_LINK_ONLY,,Pre-treatment only; treatment-day process belongs in gap row 7
17,Chemical pregnancy,Crossover article,/articles/chemical-pregnancy,Early loss owner,Strong,Plain source labels,INTERNAL_LINK_ONLY,,Owns domain V; only needs IVF-side links
18,IVF stage data before transfer,Unreachable data record,src/data/ivfStageData.ts,Legacy stage record,Shadowed by the explicit /ivf/before-transfer route,Not applicable,MERGE,POTENTIAL_CANONICAL_OVERLAP,Duplicate definition of a rendered stage; merge into ivfTopicData in a later phase
19,IVF stage data after transfer,Unreachable data record,src/data/ivfStageData.ts,Legacy stage record,Shadowed by the explicit /ivf/after-transfer route,Not applicable,MERGE,POTENTIAL_CANONICAL_OVERLAP,As above
20,IVF stage data early pregnancy,Unreachable data record,src/data/ivfStageData.ts,Legacy stage record,Shadowed by the explicit /ivf/early-pregnancy route,Not applicable,MERGE,POTENTIAL_CANONICAL_OVERLAP,As above
