cluster_id,domain,proposed_page_type,working_title,parent_surface,gap_evidence,example_keyword,highest_single_keyword_volume,unique_keywords_in_cluster,priority,cannibalisation_risk,uk_adaptation_required,review_level,notes
C065,First Year,article,Milestone timing questions,/first-year,/first-year/crawling; /first-year/first-steps; /first-year/roll-over; /first-year/first-smile; /first-year/first-laugh; /first-year/first-words,when do babies start crawling,14800,69,P0,MEDIUM,YES,NEEDS_HUMAN_EDITORIAL_REVIEW,Large aggregate 'when do babies...' demand; month pages exist but no milestone-timing article set.
C068,First Year,article,Normal newborn quirks and reflexes,/first-year,/first-year/hiccups; noisy-baby-breathing; newborn-reflexes; sunken-fontanel; baby-soft-spot,newborn hiccups,5400,131,P1,LOW,YES,HEALTH_REVIEW_REQUIRED,Reassurance-led fit with brand; include red flags.
C060,First Year,article,Newborn skin,/first-year,infant-acne; heat-rash; mongolian-spots,infant zits,18100,34,P1,MEDIUM,YES,HEALTH_REVIEW_REQUIRED,Baby skin deserves its own article under care-and-safety.
C015,Pregnancy,article,Digestive upset and illness in pregnancy,/pregnancy,pregnancy-diarrhea; prelabor-diarrhea; stomach-bugs,diarrhea in pregnancy,5400,180,P1,LOW,YES,HEALTH_REVIEW_REQUIRED,Constipation and heartburn covered; diarrhoea/tummy bug not.
C012,Pregnancy,article,Leg cramps in pregnancy,/pregnancy,/pregnancy/symptoms-and-solutions/leg-cramps,leg cramping and pregnancy,5400,37,P1,LOW,YES,LOW_RISK_GENERAL,No leg cramp article; adjacent pain articles exist.
C028,TTC,article,Brown discharge instead of period,/trying-to-conceive,/getting-pregnant/brown-discharge-instead-period,brown discharge,14800,44,P1,LOW,YES,HEALTH_REVIEW_REQUIRED,"Strong TTC pre-test intent, not covered."
C045,TTC,article,hCG levels,/trying-to-conceive,hcg-levels,hcg levels,4400,87,P1,LOW,YES,HEALTH_REVIEW_REQUIRED,Strong post-test intent; adjacent to testing articles.
C036,Pregnancy,article,Caesarean birth,/pregnancy,/pregnancy/c-section,c section and,27100,8,P0,LOW,YES,HEALTH_REVIEW_REQUIRED,Major birth-route gap: no caesarean article in any hub.
C058,First Year,article,Colic remedies and gripe water,/first-year,/first-year/gripe-water,gripe water,27100,30,P1,LOW,YES,SAFETY_REVIEW_REQUIRED,UK product landscape differs; pair with colic.
C062,First Year,article,Sleep regressions,/first-year,/first-year/sleep/sleep-regression; 4-month-sleep-regression,sleep regression ages,9900,35,P0,MEDIUM,YES,LOW_RISK_GENERAL,"High-intent, named-phase demand with no dedicated page."
C067,First Year,article,Teething,/first-year,/first-year/teething,when do babies start teething,14800,35,P0,LOW,YES,LOW_RISK_GENERAL,No teething content anywhere. Clear gap.
C016,Pregnancy,article,Pregnancy rhinitis and congestion,/pregnancy,nasal-congestion,nose and pregnancy,3600,37,P2,LOW,YES,LOW_RISK_GENERAL,Hay fever and cold articles exist; congestion distinct.
C059,First Year,article,Colic and evening crying,/first-year,what-is-colic; baby-witching-hour,colic,18100,10,P0,LOW,YES,HEALTH_REVIEW_REQUIRED,Top unmet First Year need; no colic content exists.
C047,Pregnancy,article,Sex during pregnancy,/pregnancy,pregnancy-sex-through-the-trimesters; best-sex-positions-during-pregnancy,pregnant in sex,4400,30,P2,LOW,YES,WELLBEING,Cover reassurance and safety only; skip listicle framing.
C019,Pregnancy,article,Itching in pregnancy,/pregnancy,abdominal-itchiness,pregnancy stomach itching,1600,34,P0,LOW,YES,HEALTH_REVIEW_REQUIRED,Itching can signal obstetric cholestasis: safety-critical UK gap.
C004,Pregnancy,tool,Conception date estimation,/pregnancy,/conception-date-calculator,pregnancy week by week 7,5400,39,P2,MEDIUM,YES,LOW_RISK_GENERAL,Distinct from due date; reuse existing pregnancyDates domain logic. No new lifecycle.
C041,Pregnancy,article,Hair dye and beauty safety,/pregnancy,/pregnancy/hair-dye,when can you color your hair when pregnant,2400,24,P2,LOW,YES,LOW_RISK_GENERAL,Fits existing health-and-safety topic.
C078,Postpartum,article,Diastasis recti,/first-year/postpartum-recovery,diastasis-recti-exercises,divarication of rectus abdominis muscles exercises,3600,24,P0,LOW,YES,HEALTH_REVIEW_REQUIRED,Recovery hub covers feelings and checks but not abdominal separation.
C037,Pregnancy,article,Gestational diabetes,/pregnancy,gestational-diabetes,gestational diabetes,27100,1,P0,MEDIUM,YES,HEALTH_REVIEW_REQUIRED,"Test covered, condition not. UK GTT pathway differs."
C063,First Year,article,Sleep training methods,/first-year,ferber-method-sleep-training,ferber method,8100,12,P1,LOW,YES,WELLBEING,"Cover UK-appropriate, non-prescriptive settling approaches."
C029,Pregnancy,article,Subchorionic haematoma,/pregnancy,subchorionic-bleeding,subchorionic hemorrhage hematoma,6600,10,P2,LOW,YES,HEALTH_REVIEW_REQUIRED,Requires health review.
C074,First Year,article,Tummy time,/first-year,tummy-time,tummy time,6600,8,P1,LOW,YES,LOW_RISK_GENERAL,
C079,Postpartum,article,Sex and recovery after birth,/first-year/postpartum-recovery,sex-after-c-section,sexual intercourse after c section,1300,27,P1,LOW,YES,HEALTH_REVIEW_REQUIRED,
C077,First Year,article,Common illnesses in babies,/first-year,norovirus-in-babies-and-toddlers,how long does norovirus last,12100,8,P1,LOW,YES,HEALTH_REVIEW_REQUIRED,Pair with checkups-and-warning-signs topic.
C072,First Year,article,Starting solids and weaning,/first-year,baby-led-weaning,baby led weaning,8100,7,P0,LOW,YES,SAFETY_REVIEW_REQUIRED,No weaning content; core UK 6-month milestone.
C081,Postpartum,article,Perineal care after birth,/first-year/postpartum-recovery,sitz-bath-postpartum,sitz bath,12100,1,P1,LOW,YES,HEALTH_REVIEW_REQUIRED,"UK framing: stitches, perineal care, not sitz-bath product intent."
C022,Pregnancy,article,Dizziness and faintness,/pregnancy,/pregnancy/symptoms-and-solutions/faintness,dizziness in pregnancy,1900,16,P2,LOW,YES,HEALTH_REVIEW_REQUIRED,
