row_id,opportunity,journey_domain,intent,journey_stage,primary_classification,current_owner,actual_gap,recommendation,rationale,proposed_destination,qualitative_demand_signal,priority,review_classification,cannibalisation_implication
1,What IVF is and how treatment works in the UK,A,informational,considering treatment,NEW_ARTICLE,/ivf hub (orientation only),No readable explainer of what IVF is,Create one foundational UK explainer anchored to HFEA and NHS,Hub copy orients but never explains; every other IVF page assumes this knowledge,New article on the IVF hub,High,1,HEALTH_REVIEW_REQUIRED,Must stay orientation-level so it does not cannibalise the timeline article
2,NHS funding and eligibility for IVF,C,informational,considering treatment,NEW_ARTICLE,None,No destination for funding or eligibility questions,Create a UK funding and eligibility guide,Raised inside moving-from-ttc-to-ivf with nowhere to send the reader,New article on the IVF hub,Moderate,1,HEALTH_REVIEW_REQUIRED,No existing owner; no overlap
3,Ovarian stimulation and injections,E,treatment stage,before transfer,EXPAND_EXISTING,/articles/ivf-timeline-what-to-expect,Thin section; depth exists only as companion prompts,Expand the existing stimulation section,Strong existing owner; a standalone page would split the cycle narrative,Section in the timeline article,High,2,HEALTH_REVIEW_REQUIRED,Standalone page would cannibalise the timeline article
4,Monitoring scans and blood tests,F,treatment stage,before transfer,EXPAND_EXISTING,/articles/ivf-timeline-what-to-expect,Exists only as prompts,Add a monitoring section,Same cycle narrative as stimulation,Section in the timeline article,High,2,HEALTH_REVIEW_REQUIRED,Same owner as row 3
5,Trigger injection and its effect on testing,G,treatment stage,before transfer,EXPAND_EXISTING,/articles/ivf-timeline-what-to-expect,Not mentioned,Add a trigger section and cross-link to post-transfer testing,Small but clinically important detail that changes test interpretation,Section in the timeline article,Moderate,2,HEALTH_REVIEW_REQUIRED,Feeds row 13; keep one owner
6,Egg collection day,H,treatment stage,before transfer,EXPAND_EXISTING,/articles/ivf-timeline-what-to-expect,One paragraph,Expand into a full day-of section,High-anxiety moment already owned,Section in the timeline article,High,2,HEALTH_REVIEW_REQUIRED,Standalone page would cannibalise the timeline article
7,Sperm collection and preparation,I,treatment stage,before transfer,EXPAND_EXISTING,None for treatment day,Treatment-day process absent,Add a short section covering the treatment-day process,Partner experience is currently invisible in the IVF domain,Section in the timeline article,Moderate,3,HEALTH_REVIEW_REQUIRED,Distinct from male-fertility-when-trying-to-conceive which is pre-treatment
8,Fertilisation and IVF versus ICSI,J and K,decision support,before transfer,NEW_ARTICLE,None for ICSI,No decision support for ICSI,Create one guide covering fertilisation and ICSI together,Two domains share one reader question,New article on the IVF hub,Moderate,3,HEALTH_REVIEW_REQUIRED,Merged so the two intents cannot cannibalise each other
9,Embryo development grading and blastocysts,L and M,informational,before transfer,NEW_ARTICLE,None,No lab-stage explanation,Create one embryo guide with a blastocyst section,Grading language causes avoidable anxiety with no owner,New article on the IVF hub,Moderate,3,HEALTH_REVIEW_REQUIRED,Blastocysts must not become a separate page
10,Fresh versus frozen embryo transfer,O,decision support,before transfer,NEW_ARTICLE,None,FET pathway absent across all surfaces,Create a fresh-versus-frozen guide including a freezing and storage section,Tool and stage pages assume a fresh cycle,New article on the IVF hub,Moderate,3,HEALTH_REVIEW_REQUIRED,Overlaps the before-transfer stage page; the guide owns explanation the stage owns sequence
11,Embryo freezing and storage,P,informational,before transfer,INTERNAL_LINK,None,HFEA-regulated detail absent,Signpost HFEA and cover briefly inside row 10,Statutory storage detail changes and is better owned externally,Section and outbound link inside row 10,Low,4,LOW_RISK_GENERAL,None
12,OHSS and treatment side effects,T,safety,before and after transfer,NEW_ARTICLE,None,No safety destination for the highest-risk complication,Create a dedicated safety guide with clear escalation wording,Only mentioned in passing in seekSupport lines,New article on the IVF hub,High,1,SAFETY_REVIEW_REQUIRED,No existing owner; no overlap
13,Pregnancy testing after IVF,R,symptoms and testing,after transfer,EXPAND_EXISTING,/ivf/after-transfer,Trigger-shot effect on results missing,Expand the after-transfer stage page and link existing testing articles,General testing articles already own the mechanics,/ivf/after-transfer,High,2,HEALTH_REVIEW_REQUIRED,Must not duplicate when-to-take-a-pregnancy-test or faint-positive-pregnancy-test
14,Symptoms after embryo transfer,S,symptoms,after transfer,EXPAND_EXISTING,/ivf/after-transfer,Depth sits in companion prompts,Expand the stage page using the existing compare block,Highest-volume anxiety window in the IVF journey,/ivf/after-transfer,High,2,HEALTH_REVIEW_REQUIRED,Stage page owns it; timeline article keeps the comparison table
15,When a cycle does not work and deciding whether to try again,U and AA,emotional and decision support,after transfer,NEW_ARTICLE,None,No owner for the hardest moment in the journey,Create one guide covering the unsuccessful cycle and the decision to continue,Two domains are one reader moment,New article on the IVF hub,High,1,SAFETY_REVIEW_REQUIRED,Must complement not duplicate emotional-impact-of-ivf
16,Miscarriage or loss after fertility treatment,V,emotional and safety,after transfer,INTERNAL_LINK,/articles/chemical-pregnancy,No IVF framing on existing loss content,Link from the IVF stage pages rather than writing new content,Existing loss articles are strong owners,Contextual links from /ivf/after-transfer and /ivf/early-pregnancy,Moderate,4,LOW_RISK_GENERAL,New content would cannibalise chemical-pregnancy and pregnancy-after-loss
17,Multiple pregnancy considerations after IVF,X,informational,early pregnancy,INTERNAL_LINK,None,Not addressed,Link existing pregnancy content from /ivf/early-pregnancy,Narrow intent better served by clinic and existing pregnancy guidance,Contextual link from /ivf/early-pregnancy,Low,5,LOW_RISK_GENERAL,None
18,Donor eggs and sperm,Y,informational,considering treatment,DO_NOT_CREATE,None,Outside current editorial scope,Do not create; signpost HFEA where relevant,HFEA-regulated area requiring specialist review the product cannot currently support,No destination,Low,5,LOW_RISK_GENERAL,None
19,Questions to ask a fertility clinic,AB,product,considering treatment and before transfer,TOOL_OPPORTUNITY,None,Prompts scattered across stage pages,Build a clinic-questions checklist rather than prose,Checklist intent; prose would perform poorly,Product surface on the IVF hub,Moderate,3,LOW_RISK_GENERAL,A prose article would cannibalise the stage pages
20,IVF stage sequencing and where am I now,A D N Q W,journey,all IVF stages,JOURNEY_CONTENT,/ivf stage pages,Sequencing implicit rather than explicit,Strengthen editorial sequencing across the three existing stage pages,Saved lifecycles stay ttc pregnancy first_year; this is editorial only,Existing /ivf stage pages,Moderate,3,LOW_RISK_GENERAL,None
21,Taking a break from treatment,AA,emotional,after transfer,EXPAND_EXISTING,/articles/emotional-impact-of-ivf,Touched but not owned,Expand the emotional article if row 15 does not absorb it,Avoids a third overlapping emotional destination,/articles/emotional-impact-of-ivf,Low,4,LOW_RISK_GENERAL,Row 15 is the preferred owner; only one of the two should carry it
22,Shadowed ivfStageData stage records,A D Q W,technical content debt,all IVF stages,NO_ACTION,src/data/ivfStageData.ts,Three unreachable duplicate stage records,Record now; resolve in a later implementation phase,Phase 34A is audit only and may not change runtime data,No change in this phase,Not applicable,4,LOW_RISK_GENERAL,Duplicate stage definitions are a latent discovery risk
