cluster_id,domain,intent_cluster,coverage_classification,soy_owner,owner_status,recommended_action,priority,wte_evidence_urls,highest_single_keyword_volume,unique_keywords_in_cluster,directional_cluster_volume_do_not_sum_as_market,example_keyword,notes
C008,Pregnancy,Week-by-week index,COVERED_BY_TOPIC_OR_HUB,/pregnancy,LIVE_INDEXABLE,IMPROVE_INTERNAL_LINKING,P2,/pregnancy/week-by-week,14800,1504,1533380,12 weeks from today,Hub exists; ensure a clear week index entry point.
C006,Pregnancy,Week-by-week pregnancy,COVERED_BY_STRUCTURED_PAGE,/pregnancy/week/1..42,LIVE_INDEXABLE,IMPROVE_INTERNAL_LINKING,P0,/pregnancy/week-by-week/,14800,1495,1517090,12 weeks from today,42 indexable week pages already own this. Strongest structural asset.
C050,Family,Baby names,SKIP_BRAND_MISMATCH,,NOT_PRESENT,SKIP,SKIP,/baby-names/,49500,755,1131830,girls names,Enormous demand but a separate database product; out of current strategy.
C001,Pregnancy,Due date calculation,COVERED_BY_TOOL,/due-date-calculator,LIVE_INDEXABLE,IMPROVE_TOOL_CONTENT,P0,/due-date-calculator,74000,409,575780,date calculator,Largest single demand cluster. Tool exists and is indexable; add UK-framed supporting copy and week-page links.
C010,Pregnancy,Early pregnancy signs,COVERED_STRONG,/articles/early-pregnancy-symptoms-explained,LIVE_INDEXABLE,NO_ACTION,P3,early-signs-of-pregnancy-before-missed-period,60500,41,275840,pregnancy symptoms,Also /articles/symptoms-stopping-early-pregnancy; watch overlap.
C007,Pregnancy,Weeks to months conversion,COVERED_PARTIAL,/pregnancy/week/1..42,LIVE_INDEXABLE,EXPAND_EXISTING,P1,/pregnancy/pregnancy-health/understanding-pregnancy-week,18100,326,264230,a month is how many weeks,High-volume conversion intent (weeks in months) not explicitly answered on week pages.
C089,First Year,Product reviews and buying guides,SKIP_BRAND_MISMATCH,,NOT_PRESENT,SKIP,SKIP,/baby-products/,8100,272,224280,breast pumps,Affiliate review model; not part of current strategy. /articles/what-to-buy-for-a-new-baby covers the calm essentials angle.
C051,TTC,Implantation bleeding and timing,COVERED_STRONG,/articles/implantation-bleeding,LIVE_INDEXABLE,NO_ACTION,P3,/getting-pregnant/implantation-bleeding; /getting-pregnant/ovulation/implantation,49500,79,214350,implantation bleeding,Also /articles/how-long-implantation-takes.
C048,Pregnancy,Gender prediction and reveals,SKIP_BRAND_MISMATCH,,NOT_PRESENT,SKIP,SKIP,chinese-gender-predictor; predicting-sex-of-baby; nub-theory; gender-reveal-ideas,14800,276,204140,chinese gender calendar,Very high demand but non-evidence-based novelty; conflicts with brand.
C066,First Year,Month-by-month baby,COVERED_BY_STRUCTURED_PAGE,/first-year/1-month..12-months,LIVE_INDEXABLE,IMPROVE_INTERNAL_LINKING,P1,/first-year/month-by-month,4400,314,163170,new newborn,13 month pages exist and are indexable.
C085,Toddler,Toddler hub,COVERED_BY_TOPIC_OR_HUB,/toddler,LIVE_INDEXABLE,NO_ACTION,P3,/toddler,9900,177,161860,potty training,
C052,TTC,Signs of ovulation,COVERED_STRONG,/articles/ovulation-signs,LIVE_INDEXABLE,RESOLVE_CANONICAL,P1,five-ways-to-tell-you-are-ovulating,18100,96,157360,ovulation,"/articles/signs-of-ovulation redirects to ovulation-signs and is excluded from the sitemap: correct, document only."
C065,First Year,Milestone timing questions,COVERED_PARTIAL,/first-year/development/baby-development-in-the-first-year,LIVE_INDEXABLE,CREATE_ARTICLE,P0,/first-year/crawling; /first-year/first-steps; /first-year/roll-over; /first-year/first-smile; /first-year/first-laugh; /first-year/first-words,14800,69,150420,when do babies start crawling,Large aggregate 'when do babies...' demand; month pages exist but no milestone-timing article set.
C031,Pregnancy,Signs of labour and contractions,COVERED_STRONG,/articles/signs-of-labour,LIVE_INDEXABLE,NO_ACTION,P3,/pregnancy/labor-signs; labor-contractions,18100,61,137160,maternity sign,Also /articles/stages-of-labour and /articles/when-to-go-in-for-labour.
C082,Postpartum,Postnatal mental health,COVERED_STRONG,/first-year/emotional-wellbeing/when-parenthood-feels-heavy,LIVE_INDEXABLE,IMPROVE_INTERNAL_LINKING,P1,/postpartum; postpartum-depression,12100,158,109690,sitz bath,Legacy /postpartum hub redirects into First Year: correct. /postpartum/legacy is noindex and must stay non-owning.
C068,First Year,Normal newborn quirks and reflexes,NEW_ARTICLE_GAP,,NOT_PRESENT,CREATE_ARTICLE,P1,/first-year/hiccups; noisy-baby-breathing; newborn-reflexes; sunken-fontanel; baby-soft-spot,5400,131,105820,newborn hiccups,Reassurance-led fit with brand; include red flags.
C060,First Year,Newborn skin,COVERED_PARTIAL,/first-year/care-and-safety/baby-care-basics,LIVE_INDEXABLE,CREATE_ARTICLE,P1,infant-acne; heat-rash; mongolian-spots,18100,34,103710,infant zits,Baby skin deserves its own article under care-and-safety.
C015,Pregnancy,Digestive upset and illness in pregnancy,NEW_ARTICLE_GAP,,NOT_PRESENT,CREATE_ARTICLE,P1,pregnancy-diarrhea; prelabor-diarrhea; stomach-bugs,5400,180,99870,diarrhea in pregnancy,Constipation and heartburn covered; diarrhoea/tummy bug not.
C012,Pregnancy,Leg cramps in pregnancy,NEW_ARTICLE_GAP,,NOT_PRESENT,CREATE_ARTICLE,P1,/pregnancy/symptoms-and-solutions/leg-cramps,5400,37,96090,leg cramping and pregnancy,No leg cramp article; adjacent pain articles exist.
C013,Pregnancy,Braxton Hicks,COVERED_STRONG,/articles/braxton-hicks-contractions,LIVE_INDEXABLE,NO_ACTION,P3,/pregnancy/symptoms-and-solutions/braxton-hicks,27100,39,88810,braxton hicks,
C086,Family,"Birthdays, star signs, celebrations",SKIP_BRAND_MISMATCH,,NOT_PRESENT,SKIP,SKIP,/family/celebrations/; birth-signs-symbols,12100,55,85700,birthday signs for october,Astrology and celebration filler; no brand fit.
C028,TTC,Brown discharge instead of period,NEW_ARTICLE_GAP,,NOT_PRESENT,CREATE_ARTICLE,P1,/getting-pregnant/brown-discharge-instead-period,14800,44,84400,brown discharge,"Strong TTC pre-test intent, not covered."
C002,TTC,Ovulation / fertile window calculation,COVERED_BY_TOOL,/ovulation-calculator,LIVE_INDEXABLE,IMPROVE_TOOL_CONTENT,P1,/ovulation-calculator,49500,21,82950,ovulation calculator,Duplicate TTC route already redirects; keep single canonical tool.
C053,TTC,Faint positive test,COVERED_STRONG,/articles/faint-positive-pregnancy-test,LIVE_INDEXABLE,NO_ACTION,P3,faint-line-pregnancy-test,12100,84,79880,positive pregnancy test,
C038,Pregnancy,Placenta position,COVERED_STRONG,/articles/anterior-placenta,LIVE_INDEXABLE,NO_ACTION,P3,/pregnancy/placenta; anterior-placenta,22200,23,75790,placenta,Also /articles/low-lying-placenta-in-pregnancy.
C045,TTC,hCG levels,NEW_ARTICLE_GAP,,NOT_PRESENT,CREATE_ARTICLE,P1,hcg-levels,4400,87,74430,hcg levels,Strong post-test intent; adjacent to testing articles.
C027,Pregnancy,Discharge in pregnancy,COVERED_STRONG,/articles/discharge-in-pregnancy,LIVE_INDEXABLE,EXPAND_EXISTING,P1,/pregnancy/brown-discharge; vaginal-discharge; yellow-discharge,12100,122,71830,brown secretion during pregnancy,Also /articles/watery-discharge-in-pregnancy: overlap requires one canonical hub.
C061,First Year,Baby vision and eye colour,SUPPORTING_CONTENT_OPPORTUNITY,/first-year/development/baby-development-in-the-first-year,LIVE_INDEXABLE,EXPAND_EXISTING,P3,baby-eye-color; baby-vision,2900,64,67700,when do babies eyes change color,
C014,Pregnancy,Breathlessness,COVERED_STRONG,/articles/shortness-of-breath-in-pregnancy,LIVE_INDEXABLE,NO_ACTION,P3,/pregnancy/symptoms-and-solutions/short-breath,3600,31,55230,pregnancy short breath,
C018,Pregnancy,Rib and round ligament pain,COVERED_PARTIAL,/articles/round-ligament-pain,LIVE_INDEXABLE,EXPAND_EXISTING,P2,rib-pain-pregnancy; abdominal-achiness,8100,55,54870,ribs hurt pregnancy,Rib pain not addressed.
C020,Pregnancy,Bump and skin changes,SUPPORTING_CONTENT_OPPORTUNITY,/pregnancy/body,LIVE_INDEXABLE,EXPAND_EXISTING,P3,linea-nigra; protruding-navel,3600,65,52710,negra linea,
C036,Pregnancy,Caesarean birth,NEW_ARTICLE_GAP,,NOT_PRESENT,CREATE_ARTICLE,P0,/pregnancy/c-section,27100,8,52460,c section and,Major birth-route gap: no caesarean article in any hub.
C058,First Year,Colic remedies and gripe water,NEW_ARTICLE_GAP,,NOT_PRESENT,CREATE_ARTICLE,P1,/first-year/gripe-water,27100,30,52350,gripe water,UK product landscape differs; pair with colic.
C083,Toddler,Potty training,COVERED_STRONG,/toddler/potty-learning/potty-training-without-pressure,LIVE_INDEXABLE,EXPAND_EXISTING,P1,/toddler/potty-training/,9900,54,52190,potty training,Competitor '3-day' framing is off-brand; keep pressure-free angle.
C017,Pregnancy,SPD and pelvic girdle pain,COVERED_PARTIAL,/articles/pelvic-pain-in-pregnancy,LIVE_INDEXABLE,EXPAND_EXISTING,P0,symphysis-pubis-dysfunction; pelvic-discomfort,5400,26,51500,symphysis pubis dysfunction,UK terminology is PGP/SPD; existing article should own both terms.
C062,First Year,Sleep regressions,COVERED_PARTIAL,/first-year/sleep/helping-your-baby-settle,LIVE_INDEXABLE,CREATE_ARTICLE,P0,/first-year/sleep/sleep-regression; 4-month-sleep-regression,9900,35,50510,sleep regression ages,"High-intent, named-phase demand with no dedicated page."
C067,First Year,Teething,NEW_ARTICLE_GAP,,NOT_PRESENT,CREATE_ARTICLE,P0,/first-year/teething,14800,35,48080,when do babies start teething,No teething content anywhere. Clear gap.
C016,Pregnancy,Pregnancy rhinitis and congestion,NEW_ARTICLE_GAP,,NOT_PRESENT,CREATE_ARTICLE,P2,nasal-congestion,3600,37,47930,nose and pregnancy,Hay fever and cold articles exist; congestion distinct.
C011,Pregnancy,Morning sickness,COVERED_STRONG,/articles/complete-guide-morning-sickness,LIVE_INDEXABLE,NO_ACTION,P3,/pregnancy/morning-sickness,14800,8,45120,when does morning sickness start,
C049,Pregnancy,Announcements and celebrations,SKIP_BRAND_MISMATCH,,NOT_PRESENT,SKIP,SKIP,pregnancy-announcement-captions; baby-shower-games,27100,4,43370,baby announcement,
C009,Pregnancy,Fetal development and heartbeat,COVERED_STRONG,/articles/how-your-baby-develops-in-pregnancy,LIVE_INDEXABLE,NO_ACTION,P3,/pregnancy/fetal-development,3600,60,42300,when can i know the sex of the baby,
C042,TTC,Chemical pregnancy,COVERED_STRONG,/articles/chemical-pregnancy,LIVE_INDEXABLE,NO_ACTION,P3,/pregnancy/chemical-pregnancy,18100,21,40310,chemical pregnancy,
C070,First Year,Growth spurts and cluster feeding,COVERED_PARTIAL,/first-year/feeding/newborn-feeding-rhythms,LIVE_INDEXABLE,EXPAND_EXISTING,P1,baby-growth-spurts; cluster-feeding,9900,48,40190,growth spurt,
C003,IVF,Due date after IVF transfer,COVERED_PARTIAL,/due-date-calculator,LIVE_INDEXABLE,EXPAND_EXISTING,P1,/ivf-due-date-calculator,3600,73,40150,due date calculator after ivf,Calculator supports transfer dates but no IVF-specific explanatory surface ranks for it.
C059,First Year,Colic and evening crying,NEW_ARTICLE_GAP,,NOT_PRESENT,CREATE_ARTICLE,P0,what-is-colic; baby-witching-hour,18100,10,38050,colic,Top unmet First Year need; no colic content exists.
C047,Pregnancy,Sex during pregnancy,NEW_ARTICLE_GAP,,NOT_PRESENT,CREATE_ARTICLE,P2,pregnancy-sex-through-the-trimesters; best-sex-positions-during-pregnancy,4400,30,37530,pregnant in sex,Cover reassurance and safety only; skip listicle framing.
C044,Pregnancy,Twins and multiples,COVERED_STRONG,/articles/twins-and-multiples-in-pregnancy,LIVE_INDEXABLE,EXPAND_EXISTING,P2,signs-of-twin-pregnancy; chances-of-having-twins,2400,76,36200,can twins cause false negative pregnancy test,
C032,Pregnancy,Mucus plug and show,COVERED_STRONG,/articles/mucus-plug,LIVE_INDEXABLE,NO_ACTION,P3,mucous-plug,27100,10,35840,mucus plug,
C034,Pregnancy,Hospital bag checklist,COVERED_STRONG,/articles/hospital-bag-and-what-to-pack,LIVE_INDEXABLE,NO_ACTION,P3,hospital-packing,9900,13,34970,hospital bag checklist,Signed-in toolkit version is deliberately noindex.
C039,Pregnancy,Tilted uterus,OUT_OF_SCOPE,,NOT_PRESENT,SKIP,SKIP,/pregnancy/tilted-uterus,5400,23,34920,retroverted uterus,Narrow anatomical curiosity; low brand fit.
C019,Pregnancy,Itching in pregnancy,NEW_ARTICLE_GAP,,NOT_PRESENT,CREATE_ARTICLE,P0,abdominal-itchiness,1600,34,34340,pregnancy stomach itching,Itching can signal obstetric cholestasis: safety-critical UK gap.
C040,Pregnancy,Colds in pregnancy,COVERED_STRONG,/articles/cold-and-flu-in-pregnancy,LIVE_INDEXABLE,NO_ACTION,P3,colds-during-pregnancy,1300,57,33500,pregnant and cold symptoms,
C004,Pregnancy,Conception date estimation,NEW_TOOL_OR_FEATURE_OPPORTUNITY,,NOT_PRESENT,CREATE_TOOL,P2,/conception-date-calculator,5400,39,33250,pregnancy week by week 7,Distinct from due date; reuse existing pregnancyDates domain logic. No new lifecycle.
C064,First Year,Sleep environment and sounds,SUPPORTING_CONTENT_OPPORTUNITY,/first-year/sleep/newborn-sleep-expectations,LIVE_INDEXABLE,EXPAND_EXISTING,P3,white-noise-sound-for-babies; baby-lullaby,12100,20,32230,white noise baby,
C041,Pregnancy,Hair dye and beauty safety,NEW_ARTICLE_GAP,,NOT_PRESENT,CREATE_ARTICLE,P2,/pregnancy/hair-dye,2400,24,30640,when can you color your hair when pregnant,Fits existing health-and-safety topic.
C078,Postpartum,Diastasis recti,NEW_ARTICLE_GAP,,NOT_PRESENT,CREATE_ARTICLE,P0,diastasis-recti-exercises,3600,24,29080,divarication of rectus abdominis muscles exercises,Recovery hub covers feelings and checks but not abdominal separation.
C073,First Year,Breastfeeding practicalities,COVERED_PARTIAL,/first-year/feeding/bottle-and-breastfeeding-questions,LIVE_INDEXABLE,EXPAND_EXISTING,P2,storing-breast-milk; fenugreek-breastfeeding,12100,9,28580,mother milk storage,Skip supplement claims; cover expressing and storage.
C046,Postpartum,Pelvic floor exercises,COVERED_STRONG,/articles/pelvic-floor-exercises-in-pregnancy,LIVE_INDEXABLE,IMPROVE_INTERNAL_LINKING,P1,/womens-health/kegels,22200,4,28020,kegel exercises,Postpartum users need this from First Year recovery too.
C071,First Year,Feeding amounts and routines,COVERED_PARTIAL,/first-year/feeding/bottle-and-breastfeeding-questions,LIVE_INDEXABLE,EXPAND_EXISTING,P1,how-to-get-baby-on-feeding-schedule,1900,50,27260,infant food intake chart,UK volumes and NHS framing.
C037,Pregnancy,Gestational diabetes,COVERED_PARTIAL,/articles/glucose-tolerance-test,LIVE_INDEXABLE,CREATE_ARTICLE,P0,gestational-diabetes,27100,1,27100,gestational diabetes,"Test covered, condition not. UK GTT pathway differs."
C063,First Year,Sleep training methods,NEW_ARTICLE_GAP,,NOT_PRESENT,CREATE_ARTICLE,P1,ferber-method-sleep-training,8100,12,26510,ferber method,"Cover UK-appropriate, non-prescriptive settling approaches."
C029,Pregnancy,Subchorionic haematoma,NEW_ARTICLE_GAP,,NOT_PRESENT,CREATE_ARTICLE,P2,subchorionic-bleeding,6600,10,25440,subchorionic hemorrhage hematoma,Requires health review.
C074,First Year,Tummy time,NEW_ARTICLE_GAP,,NOT_PRESENT,CREATE_ARTICLE,P1,tummy-time,6600,8,24860,tummy time,
C043,Pregnancy,Cryptic pregnancy,SKIP_BRAND_MISMATCH,,NOT_PRESENT,SKIP,SKIP,cryptic-pregnancy,14800,3,22400,cryptic pregnancy,Sensational intent; poor fit with calm clinical tone.
C076,First Year,Sun safety for babies,SUPPORTING_CONTENT_OPPORTUNITY,/first-year/care-and-safety/safe-sleep-and-home-safety,LIVE_INDEXABLE,EXPAND_EXISTING,P3,sunscreen-for-babies,2400,12,21420,sunscreen on a newborn,
C021,Pregnancy,Metallic taste,SUPPORTING_CONTENT_OPPORTUNITY,/articles/cravings-and-aversions-in-pregnancy,LIVE_INDEXABLE,EXPAND_EXISTING,P3,metallic-taste,2900,28,20950,dysgeusia,
C079,Postpartum,Sex and recovery after birth,NEW_ARTICLE_GAP,,NOT_PRESENT,CREATE_ARTICLE,P1,sex-after-c-section,1300,27,19440,sexual intercourse after c section,
C033,Pregnancy,Bringing on labour,COVERED_PARTIAL,/articles/induction-of-labour,LIVE_INDEXABLE,EXPAND_EXISTING,P2,natural-ways-to-induce-labor,1600,20,18230,how to induce naturally,UK framing: avoid unsafe DIY induction claims.
C087,Family,Travelling with a baby,COVERED_PARTIAL,/family/travel-days-out/travelling-with-young-children,LIVE_INDEXABLE,EXPAND_EXISTING,P2,do-babies-need-passports,8100,5,18100,baby passport,UK passport process differs entirely from the US source.
C056,TTC,Conception chance questions,COVERED_PARTIAL,/articles/can-you-get-pregnant-on-your-period,LIVE_INDEXABLE,EXPAND_EXISTING,P2,can-you-get-pregnant-from-precum,6600,5,18000,can you get pregnant from pre sperm,
C023,Pregnancy,Pregnancy fatigue,COVERED_STRONG,/articles/fatigue-in-early-pregnancy,LIVE_INDEXABLE,NO_ACTION,P3,pregnancy-fatigue,1600,36,17900,pregnancy exhaustion,
C080,Postpartum,Lochia and postnatal bleeding,COVERED_PARTIAL,/first-year/postpartum-recovery/healing-after-birth,LIVE_INDEXABLE,EXPAND_EXISTING,P0,postpartum-bleeding,4400,12,17720,lochia,Safety-critical; ensure red flags are explicit.
C084,Toddler,Minor injuries and first aid,OUT_OF_SCOPE,,NOT_PRESENT,SKIP,SKIP,splinters-in-children,5400,11,17700,how can i get a splinter out,First-aid procedural content requires clinical ownership.
C030,Pregnancy,Bleeding after sex,COVERED_PARTIAL,/articles/bleeding-in-early-pregnancy,LIVE_INDEXABLE,EXPAND_EXISTING,P2,bleeding-after-sex-during-pregnancy,8100,12,16120,bleeding after sx,
C055,TTC,Cycle cramps and timing,COVERED_PARTIAL,/trying-to-conceive/understanding-your-cycle,LIVE_INDEXABLE,EXPAND_EXISTING,P2,cramps-after-period,1300,19,15760,post menstrual cramps,
C077,First Year,Common illnesses in babies,NEW_ARTICLE_GAP,,NOT_PRESENT,CREATE_ARTICLE,P1,norovirus-in-babies-and-toddlers,12100,8,15520,how long does norovirus last,Pair with checkups-and-warning-signs topic.
C072,First Year,Starting solids and weaning,NEW_ARTICLE_GAP,,NOT_PRESENT,CREATE_ARTICLE,P0,baby-led-weaning,8100,7,15130,baby led weaning,No weaning content; core UK 6-month milestone.
C005,Pregnancy,Weight gain in pregnancy,COVERED_PARTIAL,/articles/weight-changes-in-pregnancy,LIVE_INDEXABLE,EXPAND_EXISTING,P2,/pregnancy-weight-gain-calculator,2400,26,15100,pregnancy gain calculator,Article exists; UK guidance differs from US ranges. Tool optional.
C054,TTC,Ovulation tests edge cases,COVERED_PARTIAL,/articles/using-ovulation-tests,LIVE_INDEXABLE,EXPAND_EXISTING,P2,can-ovulation-tests-detect-pregnancy,880,27,15100,will ovulation test be positive if pregnant,
C088,Family,Child height prediction,OUT_OF_SCOPE,,NOT_PRESENT,SKIP,SKIP,predict-height,5400,5,14110,estimate your height,Novelty calculator.
C026,Pregnancy,Cramping in pregnancy,COVERED_STRONG,/articles/when-to-worry-about-cramps-in-pregnancy,LIVE_INDEXABLE,NO_ACTION,P3,abdominal-cramps,3600,9,13990,pregnancy sore tummy,
C024,Pregnancy,Breast changes,SUPPORTING_CONTENT_OPPORTUNITY,/pregnancy/body,LIVE_INDEXABLE,EXPAND_EXISTING,P3,breast-tenderness,880,32,13540,breast pain pregnancy,
C075,First Year,Bathing a newborn,COVERED_PARTIAL,/first-year/care-and-safety/baby-care-basics,LIVE_INDEXABLE,EXPAND_EXISTING,P2,/first-year/first-bath,2900,13,12890,temperature for bath for newborn,
C025,Pregnancy,Sciatica in pregnancy,COVERED_PARTIAL,/articles/back-pain-in-pregnancy,LIVE_INDEXABLE,EXPAND_EXISTING,P2,/pregnancy/sciatica,3600,9,12350,pregnancy and sciatica nerve,
C081,Postpartum,Perineal care after birth,NEW_ARTICLE_GAP,,NOT_PRESENT,CREATE_ARTICLE,P1,sitz-bath-postpartum,12100,1,12100,sitz bath,"UK framing: stitches, perineal care, not sitz-bath product intent."
C057,TTC,Conception biology,OUT_OF_SCOPE,,NOT_PRESENT,SKIP,SKIP,what-is-a-zygote,6600,2,12000,zygote zygote,Encyclopaedic definition intent.
C035,Pregnancy,Nesting,SUPPORTING_CONTENT_OPPORTUNITY,/pregnancy/third-trimester,LIVE_INDEXABLE,EXPAND_EXISTING,P3,nesting-phase,1600,24,11630,nesting,
C069,First Year,Safe sleep and SIDS,COVERED_STRONG,/first-year/care-and-safety/safe-sleep-and-home-safety,LIVE_INDEXABLE,EXPAND_EXISTING,P1,/first-year/sids,9900,4,11610,sids,Align with UK Lullaby Trust guidance wording.
C022,Pregnancy,Dizziness and faintness,NEW_ARTICLE_GAP,,NOT_PRESENT,CREATE_ARTICLE,P2,/pregnancy/symptoms-and-solutions/faintness,1900,16,10640,dizziness in pregnancy,
